link,merchant_title,address
,Cave des Vignerons de Baixas,
,Cave de Saint Sardos,
,Cave des Producteurs de Vouvray,
,Cave des Vins de Bourgueil,
,Cave des Grands Crus Blancs,
,Cave des Vignerons du Gravillas,
,Cave de St Pantaleon Les Vignes,
,Cave des Vins de Sancerre,
,Cave de Tain-L'Hermitage,
,Cave de Turckheim,
,Cave du Chateau des Loges,
,Cave Hunawihr,
,Cave du Liboreau,
,Cave du Roi Dagobert,
,Cave du Luberon,
,Cave La Comtadine,
,Cave La Malepere,
,Cave La Paroisse,
,Cave Les Vins de Roquebrun,
,CaveleClape.com,
,Cave Pierrevert,
,Cave Saint Cyr,
,Cave Montlouis,
,Cave les Coteaux de Visan,
,Abbaye de Valmagne,
,Abbaye de Lerins,
,A. Chamvermeil,
,Alain Cavailles,
,A.de Fussigny,
,Alexandre Arbogast,
,Ackerman,
,Albera-Nayandei,
,Alphonse Meyer et Fils,
,Argenties & Escaudies,
