link_bot,link,merchant_title
,,Cave des Grands Crus Blancs
,,Cave de St Pantaleon Les Vignes
,,Cave des Producteurs de Vouvray
,,Cave de Saint Sardos
,,Cave des Vignerons de Baixas
,,Cave du Chateau des Loges
,,Cave du Liboreau
,,Cave du Luberon
,,Cave de Turckheim
,,Cave de Tain-L'Hermitage
,,Cave des Vins de Sancerre
,,Cave des Vignerons du Gravillas
,,Cave des Vins de Bourgueil
,,Cave du Roi Dagobert
,,Cave Hunawihr
,,Cave La Comtadine
,,Cave La Malepere
,,Cave La Paroisse
,,Cave Montlouis
,,Cave Pierrevert
,,Abbaye de Lerins
,,Cave Saint Cyr
,,Abbaye de Valmagne
,,Cave Les Vins de Roquebrun
,,CaveleClape.com
,,Cave les Coteaux de Visan
,,A. Chamvermeil
,,Albera-Nayandei
,,Ackerman
,,Alain Cavailles
,,A.de Fussigny
,,Alexandre Arbogast
,,Alphonse Meyer et Fils
